id,title,score,num_comments,author,created_utc,url,over_18,edited,spoiler,stickied
17zjekz,How to build a dimension table for a daily fact table?,17,20,casematta,2023-11-20 07:52:45,https://www.reddit.com/r/dataengineering/comments/17zjekz/how_to_build_a_dimension_table_for_a_daily_fact/,False,False,False,False
17zxmev,Choosing our 'EL' stack,14,10,Casdom33,2023-11-20 20:08:52,https://www.reddit.com/r/dataengineering/comments/17zxmev/choosing_our_el_stack/,False,False,False,False
17zk9u0,Data engineering guidance (AWS vs AZURE),13,10,paisa_byte,2023-11-20 08:56:47,https://www.reddit.com/r/dataengineering/comments/17zk9u0/data_engineering_guidance_aws_vs_azure/,False,False,False,False
1801xn0,Spicy blind thread on Databricks security,5,2,data-ai-nerd,2023-11-20 23:04:50,https://www.reddit.com/r/dataengineering/comments/1801xn0/spicy_blind_thread_on_databricks_security/,False,False,False,False
1804yfc,AWS Data Engineering exam( DEA-C01),5,2,ravipar,2023-11-21 01:23:36,https://www.reddit.com/r/dataengineering/comments/1804yfc/aws_data_engineering_exam_deac01/,False,False,False,False
17zz1ez,Amazon EMR and Sagemaker,5,1,Omart__,2023-11-20 21:08:39,https://www.reddit.com/r/dataengineering/comments/17zz1ez/amazon_emr_and_sagemaker/,False,False,False,False
17zk7g7,Do you feel the need of spreadsheet like tools to view large datasets?,6,12,EternallyTrapped,2023-11-20 08:51:46,https://www.reddit.com/r/dataengineering/comments/17zk7g7/do_you_feel_the_need_of_spreadsheet_like_tools_to/,False,False,False,False
1803jav,Migrating from on-premise to cloud,4,1,knabbels,2023-11-21 00:15:34,https://www.reddit.com/r/dataengineering/comments/1803jav/migrating_from_onpremise_to_cloud/,False,False,False,False
17zy8sc,Presently in an MSCS Program -- What courses would you recommend for Data Engineering,3,6,KillerSmalls,2023-11-20 20:35:02,https://www.reddit.com/r/dataengineering/comments/17zy8sc/presently_in_an_mscs_program_what_courses_would/,False,False,False,False
17zjfot,How to get real-time AI assistant alerts with changes in Google Docs,3,0,bumurzokov,2023-11-20 07:55:00,https://pathway.com/developers/showcases/llm-alert-pathway/,False,False,False,False
1808qro,Should I use Airflow,3,4,Brief-Union-3493,2023-11-21 04:40:39,https://www.reddit.com/r/dataengineering/comments/1808qro/should_i_use_airflow/,False,False,False,False
17zxaby,Confused about the role of airflow in distributed environments,3,4,chamomile-crumbs,2023-11-20 19:55:00,https://www.reddit.com/r/dataengineering/comments/17zxaby/confused_about_the_role_of_airflow_in_distributed/,False,False,False,False
17zj163,GCP Data Engineer Certification Nov 2023,4,1,DohaerasVagar,2023-11-20 07:25:30,https://www.reddit.com/r/dataengineering/comments/17zj163/gcp_data_engineer_certification_nov_2023/,False,False,False,False
1801h2u,How to approach a Data pipeline design question in Interview ?,1,1,indie_morty,2023-11-20 22:45:59,https://www.reddit.com/r/dataengineering/comments/1801h2u/how_to_approach_a_data_pipeline_design_question/,False,False,False,False
17ztwel,Looking for feedback on our beta product,2,3,Dave-at-Koor,2023-11-20 17:31:42,https://www.reddit.com/r/dataengineering/comments/17ztwel/looking_for_feedback_on_our_beta_product/,False,False,False,False
17zr1db,Cost of implementing airflow in azure for production,2,3,Slight_Award8187,2023-11-20 15:28:44,https://www.reddit.com/r/dataengineering/comments/17zr1db/cost_of_implementing_airflow_in_azure_for/,False,False,False,False
17ziuh4,Cross functional interview for Sr DE role with data science and product folks,2,0,vitalemontea,2023-11-20 07:12:11,https://www.reddit.com/r/dataengineering/comments/17ziuh4/cross_functional_interview_for_sr_de_role_with/,False,False,False,False
18070j2,Not sure what I should apply for,1,1,pmarct,2023-11-21 03:07:21,https://www.reddit.com/r/dataengineering/comments/18070j2/not_sure_what_i_should_apply_for/,False,False,False,False
1806uqj,Best way to transfer data from rds to Databricks?,1,0,next_helicopter2,2023-11-21 02:59:26,https://www.reddit.com/r/dataengineering/comments/1806uqj/best_way_to_transfer_data_from_rds_to_databricks/,False,False,False,False
1803j7c,Raw SQL for DWH,1,3,pdxtechnologist,2023-11-21 00:15:27,https://www.reddit.com/r/dataengineering/comments/1803j7c/raw_sql_for_dwh/,False,False,False,False
17zzfgd,Central Data Repository,1,2,naruzum,2023-11-20 21:24:24,https://www.reddit.com/r/dataengineering/comments/17zzfgd/central_data_repository/,False,False,False,False
17ztrzu,Alternative for elastic search aggregation,1,2,Numerous-Bug8381,2023-11-20 17:26:38,https://www.reddit.com/r/dataengineering/comments/17ztrzu/alternative_for_elastic_search_aggregation/,False,False,False,False
17zsyw6,Learn how to build dataflows with larger than memory datasets.,1,1,quicklyalienated76,2023-11-20 16:53:20,https://www.reddit.com/r/dataengineering/comments/17zsyw6/learn_how_to_build_dataflows_with_larger_than/,False,False,False,False
17zs8at,New to Databricks (and Spark in general) - how do I decipher logical plans and update my notebook/script accordingly?,1,1,opabm,2023-11-20 16:21:10,https://www.reddit.com/r/dataengineering/comments/17zs8at/new_to_databricks_and_spark_in_general_how_do_i/,False,False,False,False
17zzxz9,Databricks (Azure) setup,0,3,SimpleNoodle,2023-11-20 21:44:43,https://www.reddit.com/r/dataengineering/comments/17zzxz9/databricks_azure_setup/,False,False,False,False
17zmuko,"Which one has higher pay is it azure data engineer or GCP data engineer in India and in USA? Experienced people kindly also mention the pay , we ll able to know how much we ll be getting?",0,4,Current_Baseball_418,2023-11-20 11:53:03,https://www.reddit.com/r/dataengineering/comments/17zmuko/which_one_has_higher_pay_is_it_azure_data/,False,False,False,False
